gate_input,ks_ratio_real_synth_over_synth_synth,ks_real_synth_by_beta,ks_real_synth_mean,ks_synth_synth_by_beta_pair,ks_synth_synth_mean,l2_ratio_real_synth_over_synth_synth,l2_real_synth_mean,l2_real_synth_std,l2_synth_synth_mean,l2_synth_synth_std,mmd_ratio_real_synth_over_synth_synth,mmd_real_synth_by_beta,mmd_real_synth_mean,mmd_synth_synth_by_beta_pair,mmd_synth_synth_mean,n_real_synth_pairs,n_synth_synth_pairs,seed,variant
rgb,1.9011904761904759,"{""beta_0.005"": 0.332, ""beta_0.01"": 0.3393333333333333, ""beta_0.02"": 0.39333333333333337}",0.35488888888888886,"{""beta_0.005_vs_beta_0.01"": 0.11266666666666664, ""beta_0.005_vs_beta_0.02"": 0.264, ""beta_0.01_vs_beta_0.02"": 0.18333333333333335}",0.18666666666666668,1.9973729146343846,0.10050268471240997,0.05507765710353851,0.0503174364566803,0.02821878157556057,1.9551104612121228,"{""beta_0.005"": 0.4079006471800458, ""beta_0.01"": 0.42529065823209455, ""beta_0.02"": 0.48688353690479297}",0.44002494743897774,"{""beta_0.005_vs_beta_0.01"": 0.11631233746717219, ""beta_0.005_vs_beta_0.02"": 0.3334354948281639, ""beta_0.01_vs_beta_0.02"": 0.22544411644934892}",0.22506398291489502,423,423,42,rgb
rgb,3.2283185840707973,"{""beta_0.005"": 0.4286666666666667, ""beta_0.01"": 0.41066666666666674, ""beta_0.02"": 0.3766666666666667}",0.4053333333333334,"{""beta_0.005_vs_beta_0.01"": 0.09999999999999998, ""beta_0.005_vs_beta_0.02"": 0.17066666666666666, ""beta_0.01_vs_beta_0.02"": 0.10599999999999997}",0.12555555555555553,1.904847178715905,0.11714354902505875,0.06560064852237701,0.061497610062360764,0.03757230564951897,3.975418359519978,"{""beta_0.005"": 0.5155790337420901, ""beta_0.01"": 0.48107583027346296, ""beta_0.02"": 0.4413841894448519}",0.4793463511534683,"{""beta_0.005_vs_beta_0.01"": 0.0933886084888649, ""beta_0.005_vs_beta_0.02"": 0.17516942816242365, ""beta_0.01_vs_beta_0.02"": 0.09317472287494272}",0.12057758650874374,423,423,123,rgb
rgb,1.6574279379157428,"{""beta_0.005"": 0.29, ""beta_0.01"": 0.3093333333333334, ""beta_0.02"": 0.3973333333333333}",0.33222222222222225,"{""beta_0.005_vs_beta_0.01"": 0.136, ""beta_0.005_vs_beta_0.02"": 0.2886666666666667, ""beta_0.01_vs_beta_0.02"": 0.17666666666666667}",0.20044444444444445,1.6077971255040857,0.11202578991651535,0.05904720723628998,0.06967657059431076,0.04532215744256973,1.806264504845459,"{""beta_0.005"": 0.3791953109285115, ""beta_0.01"": 0.3995917829853, ""beta_0.02"": 0.48318032747399803}",0.42065580712926987,"{""beta_0.005_vs_beta_0.01"": 0.13701021481449516, ""beta_0.005_vs_beta_0.02"": 0.3467001108189785, ""beta_0.01_vs_beta_0.02"": 0.21495114836575188}",0.23288715799974183,423,423,456,rgb
rgb,2.1142098273572376,"{""beta_0.005"": 0.37000000000000005, ""beta_0.01"": 0.34400000000000003, ""beta_0.02"": 0.3473333333333333}",0.3537777777777778,"{""beta_0.005_vs_beta_0.01"": 0.09400000000000001, ""beta_0.005_vs_beta_0.02"": 0.2386666666666667, ""beta_0.01_vs_beta_0.02"": 0.16933333333333336}",0.16733333333333336,1.7528856231319037,0.09608805924654007,0.05710135027766228,0.0548170730471611,0.03887481242418289,2.4459660626408164,"{""beta_0.005"": 0.4409803463651703, ""beta_0.01"": 0.40385159771925166, ""beta_0.02"": 0.4033861707853095}",0.41607270495657717,"{""beta_0.005_vs_beta_0.01"": 0.08805170480863045, ""beta_0.005_vs_beta_0.02"": 0.24932264902459694, ""beta_0.01_vs_beta_0.02"": 0.17294266729587113}",0.1701056737096995,423,423,789,rgb
rgb,2.18482905982906,"{""beta_0.005"": 0.42266666666666675, ""beta_0.01"": 0.45999999999999996, ""beta_0.02"": 0.48066666666666674}",0.4544444444444445,"{""beta_0.005_vs_beta_0.01"": 0.156, ""beta_0.005_vs_beta_0.02"": 0.28933333333333333, ""beta_0.01_vs_beta_0.02"": 0.17866666666666667}",0.208,2.9496461370058045,0.10817407071590424,0.06417843699455261,0.03667357563972473,0.02486114203929901,2.324132601975609,"{""beta_0.005"": 0.5402436742743002, ""beta_0.01"": 0.5519031188413828, ""beta_0.02"": 0.559170614677838}",0.5504391359311737,"{""beta_0.005_vs_beta_0.01"": 0.16797176007477055, ""beta_0.005_vs_beta_0.02"": 0.33975456425578815, ""beta_0.01_vs_beta_0.02"": 0.20278279480912914}",0.23683637304656266,423,423,2024,rgb
rgb_gray,1.061739943872778,"{""beta_0.005"": 0.2373333333333333, ""beta_0.01"": 0.22799999999999998, ""beta_0.02"": 0.29133333333333333}",0.2522222222222222,"{""beta_0.005_vs_beta_0.01"": 0.1366666666666667, ""beta_0.005_vs_beta_0.02"": 0.34333333333333343, ""beta_0.01_vs_beta_0.02"": 0.2326666666666667}",0.2375555555555556,2.004858032825634,0.08423960208892822,0.05383746325969696,0.04201773926615715,0.026034487411379814,1.350473348036701,"{""beta_0.005"": 0.3831348321116624, ""beta_0.01"": 0.34829898091615275, ""beta_0.02"": 0.4028131598035453}",0.37808232427712013,"{""beta_0.005_vs_beta_0.01"": 0.16047289347461197, ""beta_0.005_vs_beta_0.02"": 0.4095414924484275, ""beta_0.01_vs_beta_0.02"": 0.2698740683587961}",0.27996281809394524,423,423,42,rgb_gray
rgb_gray,1.5774099318403112,"{""beta_0.005"": 0.3873333333333333, ""beta_0.01"": 0.3473333333333333, ""beta_0.02"": 0.3453333333333333}",0.35999999999999993,"{""beta_0.005_vs_beta_0.01"": 0.13333333333333333, ""beta_0.005_vs_beta_0.02"": 0.332, ""beta_0.01_vs_beta_0.02"": 0.21933333333333335}",0.22822222222222224,1.7881121536937827,0.06798359751701355,0.042182836681604385,0.03801976144313812,0.0243369247764349,1.592797424034158,"{""beta_0.005"": 0.45369675268119725, ""beta_0.01"": 0.41661505694345097, ""beta_0.02"": 0.4095975429407876}",0.4266364508551453,"{""beta_0.005_vs_beta_0.01"": 0.14297429548009258, ""beta_0.005_vs_beta_0.02"": 0.3970678335253501, ""beta_0.01_vs_beta_0.02"": 0.2635185330426822}",0.2678535540160416,423,423,123,rgb_gray
rgb_gray,1.1477495107632092,"{""beta_0.005"": 0.22866666666666668, ""beta_0.01"": 0.25466666666666665, ""beta_0.02"": 0.2986666666666667}",0.26066666666666666,"{""beta_0.005_vs_beta_0.01"": 0.19066666666666668, ""beta_0.005_vs_beta_0.02"": 0.31266666666666665, ""beta_0.01_vs_beta_0.02"": 0.17800000000000002}",0.22711111111111112,1.925008859551223,0.061800241470336914,0.038540471345186234,0.032103873789310455,0.017457909882068634,1.2957550778972058,"{""beta_0.005"": 0.37234681369447103, ""beta_0.01"": 0.3686676265646478, ""beta_0.02"": 0.3657078373558462}",0.368907425871655,"{""beta_0.005_vs_beta_0.01"": 0.2314508599981989, ""beta_0.005_vs_beta_0.02"": 0.41059949735138196, ""beta_0.01_vs_beta_0.02"": 0.21206343042811446}",0.2847045959258984,423,423,456,rgb_gray
rgb_gray,0.9679186228482003,"{""beta_0.005"": 0.31466666666666665, ""beta_0.01"": 0.2346666666666667, ""beta_0.02"": 0.2753333333333334}",0.2748888888888889,"{""beta_0.005_vs_beta_0.01"": 0.214, ""beta_0.005_vs_beta_0.02"": 0.37066666666666664, ""beta_0.01_vs_beta_0.02"": 0.26733333333333337}",0.28400000000000003,1.9030254427790407,0.07798823714256287,0.04863142967224121,0.04098118469119072,0.0227403175085783,1.0728738813193852,"{""beta_0.005"": 0.39298472434198173, ""beta_0.01"": 0.3618351338701427, ""beta_0.02"": 0.39106115927780305}",0.3819603391633091,"{""beta_0.005_vs_beta_0.01"": 0.24617363786027693, ""beta_0.005_vs_beta_0.02"": 0.4944498564089528, ""beta_0.01_vs_beta_0.02"": 0.3274247054695508}",0.3560160665795935,423,423,789,rgb_gray
rgb_gray,0.9800995024875621,"{""beta_0.005"": 0.218, ""beta_0.01"": 0.24933333333333332, ""beta_0.02"": 0.3206666666666667}",0.26266666666666666,"{""beta_0.005_vs_beta_0.01"": 0.18200000000000002, ""beta_0.005_vs_beta_0.02"": 0.3766666666666667, ""beta_0.01_vs_beta_0.02"": 0.24533333333333332}",0.268,1.8769427462640231,0.09675756096839905,0.05877438187599182,0.051550619304180145,0.03289046883583069,1.0747370615734266,"{""beta_0.005"": 0.3191917890908263, ""beta_0.01"": 0.3203770461565698, ""beta_0.02"": 0.3836751753175038}",0.3410813368549666,"{""beta_0.005_vs_beta_0.01"": 0.1991598548142479, ""beta_0.005_vs_beta_0.02"": 0.4382219315758537, ""beta_0.01_vs_beta_0.02"": 0.3147059820049509}",0.3173625894650175,423,423,2024,rgb_gray
rgb_sobel_mag,1.6023688663282571,"{""beta_0.005"": 0.254, ""beta_0.01"": 0.2153333333333333, ""beta_0.02"": 0.16200000000000003}",0.21044444444444443,"{""beta_0.005_vs_beta_0.01"": 0.08800000000000004, ""beta_0.005_vs_beta_0.02"": 0.18266666666666662, ""beta_0.01_vs_beta_0.02"": 0.12333333333333335}",0.13133333333333333,1.3236277353320993,0.07397228479385376,0.04076933115720749,0.05588601902127266,0.03387952223420143,1.8893612343293136,"{""beta_0.005"": 0.3031813592163066, ""beta_0.01"": 0.26766588450238654, ""beta_0.02"": 0.22984793791235653}",0.2668983938770166,"{""beta_0.005_vs_beta_0.01"": 0.07926858149503206, ""beta_0.005_vs_beta_0.02"": 0.21016638051813477, ""beta_0.01_vs_beta_0.02"": 0.13435651157196846}",0.1412638245283784,423,423,42,rgb_sobel_mag
rgb_sobel_mag,3.1647727272727275,"{""beta_0.005"": 0.41466666666666674, ""beta_0.01"": 0.38533333333333336, ""beta_0.02"": 0.314}",0.37133333333333335,"{""beta_0.005_vs_beta_0.01"": 0.06266666666666666, ""beta_0.005_vs_beta_0.02"": 0.16133333333333333, ""beta_0.01_vs_beta_0.02"": 0.128}",0.11733333333333333,1.4699458952642412,0.0880957692861557,0.049897655844688416,0.059931300580501556,0.03425301983952522,3.25914594682657,"{""beta_0.005"": 0.48501322815587505, ""beta_0.01"": 0.45287887456234494, ""beta_0.02"": 0.37073111092487915}",0.436207737881033,"{""beta_0.005_vs_beta_0.01"": 0.05866920118620744, ""beta_0.005_vs_beta_0.02"": 0.19981643188846887, ""beta_0.01_vs_beta_0.02"": 0.14303772150762004}",0.1338411181940988,423,423,123,rgb_sobel_mag
rgb_sobel_mag,1.5561993047508689,"{""beta_0.005"": 0.34600000000000003, ""beta_0.01"": 0.30866666666666664, ""beta_0.02"": 0.2406666666666667}",0.29844444444444446,"{""beta_0.005_vs_beta_0.01"": 0.11199999999999999, ""beta_0.005_vs_beta_0.02"": 0.2733333333333334, ""beta_0.01_vs_beta_0.02"": 0.18999999999999997}",0.1917777777777778,1.2508802021645715,0.07479261606931686,0.05000755563378334,0.059791989624500275,0.03771403804421425,1.7742150102771577,"{""beta_0.005"": 0.43112035823763994, ""beta_0.01"": 0.37941052858480756, ""beta_0.02"": 0.28494474261951663}",0.3651585431473214,"{""beta_0.005_vs_beta_0.01"": 0.10658721548155277, ""beta_0.005_vs_beta_0.02"": 0.3039229890226823, ""beta_0.01_vs_beta_0.02"": 0.206932226709801}",0.20581414373801202,423,423,456,rgb_sobel_mag
rgb_sobel_mag,5.600858369098711,"{""beta_0.005"": 0.2933333333333333, ""beta_0.01"": 0.2913333333333333, ""beta_0.02"": 0.2853333333333334}",0.29,"{""beta_0.005_vs_beta_0.01"": 0.03799999999999998, ""beta_0.005_vs_beta_0.02"": 0.0646666666666667, ""beta_0.01_vs_beta_0.02"": 0.052666666666666674}",0.051777777777777784,1.371977466993186,0.07831941545009613,0.044115789234638214,0.0570850595831871,0.03377688676118851,5.6027846195903175,"{""beta_0.005"": 0.332814294212085, ""beta_0.01"": 0.3445342698524361, ""beta_0.02"": 0.3551645303159463}",0.3441710314601558,"{""beta_0.005_vs_beta_0.01"": 0.03685364391229615, ""beta_0.005_vs_beta_0.02"": 0.09126814957174727, ""beta_0.01_vs_beta_0.02"": 0.05616390808839471}",0.06142856719081271,423,423,789,rgb_sobel_mag
rgb_sobel_mag,2.2363112391930833,"{""beta_0.005"": 0.38599999999999995, ""beta_0.01"": 0.36599999999999994, ""beta_0.02"": 0.2826666666666667}",0.34488888888888886,"{""beta_0.005_vs_beta_0.01"": 0.0873333333333333, ""beta_0.005_vs_beta_0.02"": 0.20933333333333334, ""beta_0.01_vs_beta_0.02"": 0.166}",0.15422222222222223,1.3104650069452601,0.08504455536603928,0.049398671835660934,0.06489647179841995,0.04338469356298447,2.341299255097622,"{""beta_0.005"": 0.46801969685815137, ""beta_0.01"": 0.43066971841286195, ""beta_0.02"": 0.33046838046924726}",0.40971926524675356,"{""beta_0.005_vs_beta_0.01"": 0.08645570860054164, ""beta_0.005_vs_beta_0.02"": 0.2584695996308436, ""beta_0.01_vs_beta_0.02"": 0.18006430728404377}",0.174996538505143,423,423,2024,rgb_sobel_mag
rgb_equalized_gray,1.2061403508771928,"{""beta_0.005"": 0.33066666666666666, ""beta_0.01"": 0.23933333333333337, ""beta_0.02"": 0.16333333333333333}",0.24444444444444446,"{""beta_0.005_vs_beta_0.01"": 0.1226666666666667, ""beta_0.005_vs_beta_0.02"": 0.2906666666666667, ""beta_0.01_vs_beta_0.02"": 0.19466666666666665}",0.2026666666666667,1.0553431245634004,0.0450686477124691,0.03192467242479324,0.04270520806312561,0.027342990040779114,1.2783142394514049,"{""beta_0.005"": 0.40391259955584236, ""beta_0.01"": 0.31044401254816945, ""beta_0.02"": 0.18330551925425306}",0.29922071045275495,"{""beta_0.005_vs_beta_0.01"": 0.129889206808689, ""beta_0.005_vs_beta_0.02"": 0.34534790517717934, ""beta_0.01_vs_beta_0.02"": 0.22698625661518948}",0.2340744562003526,423,423,42,rgb_equalized_gray
rgb_equalized_gray,0.9428911362284355,"{""beta_0.005"": 0.5033333333333333, ""beta_0.01"": 0.36866666666666675, ""beta_0.02"": 0.18466666666666667}",0.35222222222222227,"{""beta_0.005_vs_beta_0.01"": 0.238, ""beta_0.005_vs_beta_0.02"": 0.5373333333333333, ""beta_0.01_vs_beta_0.02"": 0.3453333333333333}",0.3735555555555556,1.1532457022672975,0.05332166701555252,0.03340617194771767,0.04623617231845856,0.02647990547120571,1.0191417122425126,"{""beta_0.005"": 0.6212403938739574, ""beta_0.01"": 0.4671556507210931, ""beta_0.02"": 0.23142633514461133}",0.43994079324655394,"{""beta_0.005_vs_beta_0.01"": 0.2656651794807871, ""beta_0.005_vs_beta_0.02"": 0.6179618133328206, ""beta_0.01_vs_beta_0.02"": 0.41140623356227407}",0.431677742125294,423,423,123,rgb_equalized_gray
rgb_equalized_gray,1.3170426065162906,"{""beta_0.005"": 0.12599999999999997, ""beta_0.01"": 0.244, ""beta_0.02"": 0.33066666666666666}",0.23355555555555554,"{""beta_0.005_vs_beta_0.01"": 0.1586666666666667, ""beta_0.005_vs_beta_0.02"": 0.25533333333333336, ""beta_0.01_vs_beta_0.02"": 0.118}",0.17733333333333334,1.064585101363909,0.0637931376695633,0.03576706722378731,0.05992300435900688,0.03366586193442345,1.4030504226441067,"{""beta_0.005"": 0.13679291024469117, ""beta_0.01"": 0.2929509960838673, ""beta_0.02"": 0.39884148617670523}",0.2761951308350879,"{""beta_0.005_vs_beta_0.01"": 0.17751932396646303, ""beta_0.005_vs_beta_0.02"": 0.2919876697636686, ""beta_0.01_vs_beta_0.02"": 0.1210529598770668}",0.19685331786906612,423,423,456,rgb_equalized_gray
rgb_equalized_gray,1.2696506550218336,"{""beta_0.005"": 0.3526666666666667, ""beta_0.01"": 0.27666666666666667, ""beta_0.02"": 0.146}",0.2584444444444444,"{""beta_0.005_vs_beta_0.01"": 0.12333333333333334, ""beta_0.005_vs_beta_0.02"": 0.2853333333333334, ""beta_0.01_vs_beta_0.02"": 0.20200000000000004}",0.2035555555555556,0.9679571626072578,0.04959841072559357,0.0357048399746418,0.05124029517173767,0.028541631996631622,1.2607111628055816,"{""beta_0.005"": 0.4295231827334435, ""beta_0.01"": 0.3280128167000851, ""beta_0.02"": 0.15277785229390678}",0.3034379505758118,"{""beta_0.005_vs_beta_0.01"": 0.12937747665050398, ""beta_0.005_vs_beta_0.02"": 0.35489044212589826, ""beta_0.01_vs_beta_0.02"": 0.2377958485512595}",0.2406879224425539,423,423,789,rgb_equalized_gray
rgb_equalized_gray,1.4096499526963102,"{""beta_0.005"": 0.37466666666666665, ""beta_0.01"": 0.3146666666666667, ""beta_0.02"": 0.304}",0.33111111111111113,"{""beta_0.005_vs_beta_0.01"": 0.16466666666666666, ""beta_0.005_vs_beta_0.02"": 0.336, ""beta_0.01_vs_beta_0.02"": 0.20400000000000004}",0.23488888888888892,1.4016163128350863,0.06266826391220093,0.037159767001867294,0.04471142590045929,0.02786194160580635,1.3422768897683612,"{""beta_0.005"": 0.4471201925753625, ""beta_0.01"": 0.39340100678593903, ""beta_0.02"": 0.368717216165407}",0.4030794718422362,"{""beta_0.005_vs_beta_0.01"": 0.19795372304337808, ""beta_0.005_vs_beta_0.02"": 0.4371169738833185, ""beta_0.01_vs_beta_0.02"": 0.26581527134426775}",0.3002953227569881,423,423,2024,rgb_equalized_gray
raw_dark_channel,1.5311004784688995,"{""beta_0.005"": 0.2933333333333334, ""beta_0.01"": 0.3473333333333333, ""beta_0.02"": 0.426}",0.35555555555555557,"{""beta_0.005_vs_beta_0.01"": 0.12266666666666669, ""beta_0.005_vs_beta_0.02"": 0.3226666666666666, ""beta_0.01_vs_beta_0.02"": 0.25133333333333335}",0.23222222222222222,1.3263224791674335,0.052214376628398895,0.028929635882377625,0.039367783814668655,0.022999603301286697,1.5642261921518275,"{""beta_0.005"": 0.3892505380445348, ""beta_0.01"": 0.41810699892287645, ""beta_0.02"": 0.47154218390035196}",0.42629990695592107,"{""beta_0.005_vs_beta_0.01"": 0.11365589038581322, ""beta_0.005_vs_beta_0.02"": 0.3935602255182629, ""beta_0.01_vs_beta_0.02"": 0.31037645944363945}",0.2725308584492385,423,423,42,raw_dark_channel
raw_dark_channel,1.8954372623574147,"{""beta_0.005"": 0.23466666666666666, ""beta_0.01"": 0.20666666666666667, ""beta_0.02"": 0.22333333333333336}",0.2215555555555556,"{""beta_0.005_vs_beta_0.01"": 0.09133333333333332, ""beta_0.005_vs_beta_0.02"": 0.16533333333333333, ""beta_0.01_vs_beta_0.02"": 0.09400000000000001}",0.11688888888888889,1.624783954895472,0.0717008039355278,0.050507474690675735,0.04412943869829178,0.0320548377931118,2.3636034320244503,"{""beta_0.005"": 0.3030660978220442, ""beta_0.01"": 0.2743653942305919, ""beta_0.02"": 0.2919240711820547}",0.2897851877448969,"{""beta_0.005_vs_beta_0.01"": 0.08584271825977743, ""beta_0.005_vs_beta_0.02"": 0.18039185964651913, ""beta_0.01_vs_beta_0.02"": 0.10157482338996017}",0.12260313376541891,423,423,123,raw_dark_channel
raw_dark_channel,1.5373443983402488,"{""beta_0.005"": 0.3033333333333333, ""beta_0.01"": 0.31400000000000006, ""beta_0.02"": 0.3706666666666667}",0.3293333333333333,"{""beta_0.005_vs_beta_0.01"": 0.15533333333333335, ""beta_0.005_vs_beta_0.02"": 0.29200000000000004, ""beta_0.01_vs_beta_0.02"": 0.19533333333333336}",0.21422222222222223,1.3437690865803575,0.06414259225130081,0.04186372458934784,0.04773334413766861,0.03241877630352974,1.7547125899246192,"{""beta_0.005"": 0.3363887721450353, ""beta_0.01"": 0.3394347382957343, ""beta_0.02"": 0.38627307775603625}",0.35403219606560193,"{""beta_0.005_vs_beta_0.01"": 0.13505704240626729, ""beta_0.005_vs_beta_0.02"": 0.2876871012866973, ""beta_0.01_vs_beta_0.02"": 0.1825382223738524}",0.20176078868893899,423,423,456,raw_dark_channel
raw_dark_channel,0.9973357015985791,"{""beta_0.005"": 0.17799999999999996, ""beta_0.01"": 0.21333333333333337, ""beta_0.02"": 0.3573333333333333}",0.24955555555555553,"{""beta_0.005_vs_beta_0.01"": 0.14599999999999996, ""beta_0.005_vs_beta_0.02"": 0.3473333333333333, ""beta_0.01_vs_beta_0.02"": 0.25733333333333336}",0.2502222222222222,1.6821782674123318,0.06706202030181885,0.03931127116084099,0.03986617922782898,0.024056898429989815,1.0704246839465452,"{""beta_0.005"": 0.28111544297974844, ""beta_0.01"": 0.3101381705063717, ""beta_0.02"": 0.43080688226926755}",0.34068683191846255,"{""beta_0.005_vs_beta_0.01"": 0.15211017479771177, ""beta_0.005_vs_beta_0.02"": 0.46114253397625377, ""beta_0.01_vs_beta_0.02"": 0.3415650482186666}",0.31827258566421074,423,423,789,raw_dark_channel
raw_dark_channel,0.7790834312573441,"{""beta_0.005"": 0.284, ""beta_0.01"": 0.25266666666666665, ""beta_0.02"": 0.3473333333333333}",0.29466666666666663,"{""beta_0.005_vs_beta_0.01"": 0.2993333333333334, ""beta_0.005_vs_beta_0.02"": 0.5433333333333333, ""beta_0.01_vs_beta_0.02"": 0.292}",0.37822222222222224,1.4270488509822594,0.06735818088054657,0.04219688102602959,0.04720103368163109,0.030651172623038292,0.9010728797685097,"{""beta_0.005"": 0.3489347833415971, ""beta_0.01"": 0.33003484979131115, ""beta_0.02"": 0.41791449693409183}",0.3656280433556667,"{""beta_0.005_vs_beta_0.01"": 0.3294420927027716, ""beta_0.005_vs_beta_0.02"": 0.5861509671671974, ""beta_0.01_vs_beta_0.02"": 0.3017159444236628}",0.4057696680978773,423,423,2024,raw_dark_channel
raw_transmission,1.200525969756739,"{""beta_0.005"": 0.49466666666666664, ""beta_0.01"": 0.4120000000000001, ""beta_0.02"": 0.3106666666666667}",0.4057777777777778,"{""beta_0.005_vs_beta_0.01"": 0.2373333333333333, ""beta_0.005_vs_beta_0.02"": 0.4653333333333334, ""beta_0.01_vs_beta_0.02"": 0.31133333333333335}",0.338,1.2726246885803298,0.06578453630208969,0.036649562418460846,0.051692016422748566,0.032617755234241486,1.030331872649681,"{""beta_0.005"": 0.6045673273782476, ""beta_0.01"": 0.45349006982626455, ""beta_0.02"": 0.3487818984216561}",0.46894643187538937,"{""beta_0.005_vs_beta_0.01"": 0.31053060054585774, ""beta_0.005_vs_beta_0.02"": 0.649014373226626, ""beta_0.01_vs_beta_0.02"": 0.40587847178999464}",0.4551411485208261,423,423,42,raw_transmission
raw_transmission,1.1854974704890386,"{""beta_0.005"": 0.6133333333333333, ""beta_0.01"": 0.5, ""beta_0.02"": 0.2926666666666667}",0.4686666666666666,"{""beta_0.005_vs_beta_0.01"": 0.25133333333333335, ""beta_0.005_vs_beta_0.02"": 0.5566666666666666, ""beta_0.01_vs_beta_0.02"": 0.37799999999999995}",0.3953333333333333,1.0945969930381418,0.06409990042448044,0.04094799607992172,0.05856027454137802,0.037754129618406296,1.0657311139512704,"{""beta_0.005"": 0.6992090465635812, ""beta_0.01"": 0.541376063136518, ""beta_0.02"": 0.31400601956007024}",0.5181970430867231,"{""beta_0.005_vs_beta_0.01"": 0.32526003440888, ""beta_0.005_vs_beta_0.02"": 0.6914313018301274, ""beta_0.01_vs_beta_0.02"": 0.4420172525497887}",0.486236196262932,423,423,123,raw_transmission
raw_transmission,1.1288913162206444,"{""beta_0.005"": 0.6406666666666667, ""beta_0.01"": 0.48533333333333334, ""beta_0.02"": 0.252}",0.45933333333333337,"{""beta_0.005_vs_beta_0.01"": 0.30200000000000005, ""beta_0.005_vs_beta_0.02"": 0.5633333333333334, ""beta_0.01_vs_beta_0.02"": 0.35533333333333333}",0.4068888888888889,1.2968754771799644,0.052679356187582016,0.03300590068101883,0.04062021151185036,0.028381381183862686,1.1135431632490564,"{""beta_0.005"": 0.7332822404941552, ""beta_0.01"": 0.5417857532233277, ""beta_0.02"": 0.30523116080271884}",0.5267663848400672,"{""beta_0.005_vs_beta_0.01"": 0.31196039204855364, ""beta_0.005_vs_beta_0.02"": 0.6783299150856947, ""beta_0.01_vs_beta_0.02"": 0.42887260156635476}",0.47305430290020106,423,423,456,raw_transmission
raw_transmission,0.8875,"{""beta_0.005"": 0.5086666666666667, ""beta_0.01"": 0.33466666666666667, ""beta_0.02"": 0.15066666666666664}",0.3313333333333333,"{""beta_0.005_vs_beta_0.01"": 0.272, ""beta_0.005_vs_beta_0.02"": 0.5346666666666667, ""beta_0.01_vs_beta_0.02"": 0.3133333333333333}",0.37333333333333335,1.0352027447518162,0.05446980893611908,0.03537239879369736,0.052617527544498444,0.032503098249435425,0.896195128525765,"{""beta_0.005"": 0.585631242481467, ""beta_0.01"": 0.380350714126115, ""beta_0.02"": 0.1860844683574925}",0.38402214165502485,"{""beta_0.005_vs_beta_0.01"": 0.28237070266664543, ""beta_0.005_vs_beta_0.02"": 0.6223749813921765, ""beta_0.01_vs_beta_0.02"": 0.38076278200505426}",0.4285028220212921,423,423,789,raw_transmission
raw_transmission,2.6903765690376567,"{""beta_0.005"": 0.5126666666666667, ""beta_0.01"": 0.5726666666666667, ""beta_0.02"": 0.6293333333333334}",0.5715555555555555,"{""beta_0.005_vs_beta_0.01"": 0.11933333333333335, ""beta_0.005_vs_beta_0.02"": 0.304, ""beta_0.01_vs_beta_0.02"": 0.214}",0.21244444444444444,2.5599197106526503,0.06613445281982422,0.03815450519323349,0.02583458088338375,0.017266375944018364,2.3739407110900586,"{""beta_0.005"": 0.5534401941387247, ""beta_0.01"": 0.6129421139956572, ""beta_0.02"": 0.6866393873697777}",0.6176738985013865,"{""beta_0.005_vs_beta_0.01"": 0.14715094942252627, ""beta_0.005_vs_beta_0.02"": 0.3455455774306589, ""beta_0.01_vs_beta_0.02"": 0.28787128044192417}",0.26018926909836976,423,423,2024,raw_transmission
tsp_grad_mag,1.0616509926854756,"{""beta_0.005"": 0.2346666666666667, ""beta_0.01"": 0.19999999999999998, ""beta_0.02"": 0.2426666666666667}",0.22577777777777777,"{""beta_0.005_vs_beta_0.01"": 0.1526666666666667, ""beta_0.005_vs_beta_0.02"": 0.294, ""beta_0.01_vs_beta_0.02"": 0.19133333333333327}",0.21266666666666664,1.2097927839777822,0.07612820714712143,0.04457813501358032,0.06292665004730225,0.036536961793899536,0.9679216633638347,"{""beta_0.005"": 0.2832496056999223, ""beta_0.01"": 0.2378127100618373, ""beta_0.02"": 0.28027569038366346}",0.267112668715141,"{""beta_0.005_vs_beta_0.01"": 0.18579054081411872, ""beta_0.005_vs_beta_0.02"": 0.4060778461193795, ""beta_0.01_vs_beta_0.02"": 0.23602713031375436}",0.27596517241575086,423,423,42,tsp_grad_mag
tsp_grad_mag,2.164128595600676,"{""beta_0.005"": 0.332, ""beta_0.01"": 0.2926666666666667, ""beta_0.02"": 0.22799999999999998}",0.2842222222222222,"{""beta_0.005_vs_beta_0.01"": 0.07600000000000003, ""beta_0.005_vs_beta_0.02"": 0.18533333333333335, ""beta_0.01_vs_beta_0.02"": 0.1326666666666667}",0.13133333333333336,1.202048662228582,0.0781845673918724,0.042014896869659424,0.06504276394844055,0.03600113466382027,2.3939671971183722,"{""beta_0.005"": 0.42190917226516633, ""beta_0.01"": 0.37859464617343297, ""beta_0.02"": 0.28784904213025897}",0.3627842868562861,"{""beta_0.005_vs_beta_0.01"": 0.07675094268860572, ""beta_0.005_vs_beta_0.02"": 0.2254669910821828, ""beta_0.01_vs_beta_0.02"": 0.15240519635351432}",0.15154104337476762,423,423,123,tsp_grad_mag
tsp_grad_mag,1.4888337468982629,"{""beta_0.005"": 0.32866666666666666, ""beta_0.01"": 0.26266666666666666, ""beta_0.02"": 0.2086666666666667}",0.26666666666666666,"{""beta_0.005_vs_beta_0.01"": 0.11066666666666669, ""beta_0.005_vs_beta_0.02"": 0.2606666666666667, ""beta_0.01_vs_beta_0.02"": 0.16599999999999998}",0.17911111111111114,1.2589818666788848,0.07574903964996338,0.04295391961932182,0.06016690284013748,0.0359298437833786,1.5200697853130964,"{""beta_0.005"": 0.39867548493454213, ""beta_0.01"": 0.3337139447034026, ""beta_0.02"": 0.2466917578363255}",0.32636039582475673,"{""beta_0.005_vs_beta_0.01"": 0.12621845915918833, ""beta_0.005_vs_beta_0.02"": 0.3179541939929766, ""beta_0.01_vs_beta_0.02"": 0.19993013537382634}",0.21470092950866373,423,423,456,tsp_grad_mag
tsp_grad_mag,2.197836166924265,"{""beta_0.005"": 0.3173333333333333, ""beta_0.01"": 0.3253333333333333, ""beta_0.02"": 0.3053333333333333}",0.316,"{""beta_0.005_vs_beta_0.01"": 0.11533333333333336, ""beta_0.005_vs_beta_0.02"": 0.19066666666666668, ""beta_0.01_vs_beta_0.02"": 0.12533333333333335}",0.1437777777777778,1.1951928391367062,0.0693601593375206,0.040059637278318405,0.05803260952234268,0.032705143094062805,2.270673732368359,"{""beta_0.005"": 0.402524893666627, ""beta_0.01"": 0.40013805458812, ""beta_0.02"": 0.36717349223794143}",0.3899454801642295,"{""beta_0.005_vs_beta_0.01"": 0.1078561658684434, ""beta_0.005_vs_beta_0.02"": 0.2506344564945598, ""beta_0.01_vs_beta_0.02"": 0.15670291857452512}",0.17173118031250945,423,423,789,tsp_grad_mag
tsp_grad_mag,1.750346740638003,"{""beta_0.005"": 0.32466666666666666, ""beta_0.01"": 0.2913333333333334, ""beta_0.02"": 0.2253333333333333}",0.28044444444444444,"{""beta_0.005_vs_beta_0.01"": 0.11533333333333333, ""beta_0.005_vs_beta_0.02"": 0.2213333333333333, ""beta_0.01_vs_beta_0.02"": 0.144}",0.16022222222222218,1.2354334479894638,0.07083985954523087,0.041790567338466644,0.05734008550643921,0.03354031220078468,1.6617478003966821,"{""beta_0.005"": 0.3808342635533644, ""beta_0.01"": 0.33780590777586633, ""beta_0.02"": 0.2648093510217369}",0.32781650745032254,"{""beta_0.005_vs_beta_0.01"": 0.11134384087796458, ""beta_0.005_vs_beta_0.02"": 0.2910033270605218, ""beta_0.01_vs_beta_0.02"": 0.18946918476931007}",0.19727211756926546,423,423,2024,tsp_grad_mag
tsp_rank,2.41358024691358,"{""beta_0.005"": 0.5019999999999999, ""beta_0.01"": 0.422, ""beta_0.02"": 0.3793333333333333}",0.4344444444444444,"{""beta_0.005_vs_beta_0.01"": 0.15799999999999997, ""beta_0.005_vs_beta_0.02"": 0.258, ""beta_0.01_vs_beta_0.02"": 0.124}",0.18000000000000002,1.3970948229038047,0.03371451050043106,0.019194072112441063,0.02413186989724636,0.015983926132321358,2.38052830141694,"{""beta_0.005"": 0.5433894923565559, ""beta_0.01"": 0.48634539805872146, ""beta_0.02"": 0.48499335884930334}",0.504909416421527,"{""beta_0.005_vs_beta_0.01"": 0.1849556426370466, ""beta_0.005_vs_beta_0.02"": 0.3149675176470067, ""beta_0.01_vs_beta_0.02"": 0.13637603782377147}",0.21209973270260826,423,423,42,tsp_rank
tsp_rank,2.985739750445633,"{""beta_0.005"": 0.42, ""beta_0.01"": 0.35733333333333334, ""beta_0.02"": 0.3393333333333333}",0.37222222222222223,"{""beta_0.005_vs_beta_0.01"": 0.13666666666666666, ""beta_0.005_vs_beta_0.02"": 0.17200000000000001, ""beta_0.01_vs_beta_0.02"": 0.06533333333333334}",0.12466666666666666,1.446434376294763,0.0526452399790287,0.028784269466996193,0.036396563053131104,0.019447779282927513,3.4352049784952454,"{""beta_0.005"": 0.5166853502595856, ""beta_0.01"": 0.46913976453447814, ""beta_0.02"": 0.46433780487271664}",0.4833876398889268,"{""beta_0.005_vs_beta_0.01"": 0.14885857722448745, ""beta_0.005_vs_beta_0.02"": 0.2056718152148035, ""beta_0.01_vs_beta_0.02"": 0.06761702780053669}",0.14071580674660922,423,423,123,tsp_rank
tsp_rank,6.531722054380665,"{""beta_0.005"": 0.48533333333333334, ""beta_0.01"": 0.49266666666666664, ""beta_0.02"": 0.4633333333333334}",0.48044444444444445,"{""beta_0.005_vs_beta_0.01"": 0.07333333333333335, ""beta_0.005_vs_beta_0.02"": 0.07400000000000002, ""beta_0.01_vs_beta_0.02"": 0.0733333333333333}",0.07355555555555555,1.4126032297249147,0.05256190150976181,0.030004968866705894,0.037209246307611465,0.025727529078722,9.371776442334296,"{""beta_0.005"": 0.5645549308436653, ""beta_0.01"": 0.5542133554361736, ""beta_0.02"": 0.5445675374526686}",0.5544452745775025,"{""beta_0.005_vs_beta_0.01"": 0.058983412714245446, ""beta_0.005_vs_beta_0.02"": 0.061923590849928246, ""beta_0.01_vs_beta_0.02"": 0.056576511324088884}",0.05916117162942086,423,423,456,tsp_rank
tsp_rank,3.225225225225225,"{""beta_0.005"": 0.434, ""beta_0.01"": 0.3866666666666667, ""beta_0.02"": 0.3726666666666667}",0.3977777777777778,"{""beta_0.005_vs_beta_0.01"": 0.09866666666666667, ""beta_0.005_vs_beta_0.02"": 0.16333333333333333, ""beta_0.01_vs_beta_0.02"": 0.10799999999999998}",0.12333333333333334,1.4745300079956958,0.04107923433184624,0.02261100336909294,0.02785920538008213,0.015960607677698135,3.9077305462429455,"{""beta_0.005"": 0.5630641255864026, ""beta_0.01"": 0.5340135605675338, ""beta_0.02"": 0.5098952383685643}",0.5356576415075002,"{""beta_0.005_vs_beta_0.01"": 0.10896196169738288, ""beta_0.005_vs_beta_0.02"": 0.1934278834355613, ""beta_0.01_vs_beta_0.02"": 0.1088393595182084}",0.1370764015503842,423,423,789,tsp_rank
tsp_rank,2.8831858407079656,"{""beta_0.005"": 0.41533333333333333, ""beta_0.01"": 0.36200000000000004, ""beta_0.02"": 0.30866666666666664}",0.36200000000000004,"{""beta_0.005_vs_beta_0.01"": 0.12133333333333331, ""beta_0.005_vs_beta_0.02"": 0.15733333333333333, ""beta_0.01_vs_beta_0.02"": 0.09799999999999998}",0.12555555555555553,1.4750900943226877,0.03198939561843872,0.01937718503177166,0.021686401218175888,0.014986181631684303,4.016656982001247,"{""beta_0.005"": 0.5421356488703638, ""beta_0.01"": 0.5063081807532575, ""beta_0.02"": 0.4733603750662019}",0.507268068229941,"{""beta_0.005_vs_beta_0.01"": 0.12326575493429788, ""beta_0.005_vs_beta_0.02"": 0.17034746166145684, ""beta_0.01_vs_beta_0.02"": 0.0852601130186661}",0.1262911098714736,423,423,2024,tsp_rank
